log_key,template
1,"DATE NUM NUM INFO dfs.DataNode$DataXceiver: Receiving block BLK src: IP dest: IP"
2,"DATE NUM NUM INFO <*> <*> <*> <*> BLK"
3,"DATE NUM NUM INFO dfs.DataNode$PacketResponder: PacketResponder NUM for block BLK <*>"
4,"DATE NUM NUM INFO dfs.DataNode$PacketResponder: Received block BLK of size NUM from IP"
5,"DATE NUM NUM INFO dfs.FSNamesystem: BLOCK* NameSystem.addStoredBlock: blockMap updated: IP:NUM is added to BLK size <*>"
6,"DATE NUM NUM INFO dfs.DataNode$DataXceiver: Received block BLK src: IP dest: IP of size <*>"
7,"DATE NUM NUM INFO <*> <*> <*> <*> <*> <*>"
8,"DATE NUM NUM INFO <*> <*> <*> <*> to <*> <*> <*> <*> <*> IP:50010"
9,"DATE NUM NUM INFO dfs.DataNode$DataXceiver: IP:NUM Served block BLK to IP"
10,"DATE NUM NUM INFO <*> <*> <*> <*> to <*> <*> <*> <*> IP:50010"
11,"DATE NUM NUM INFO dfs.DataNode$DataXceiver: writeBlock BLK received exception java.io.IOException: Could not read from stream"
12,"DATE NUM NUM <*> <*> <*> <*> <*> <*> block BLK"
13,"DATE NUM NUM INFO dfs.DataNode$BlockReceiver: Exception in receiveBlock for block BLK java.io.IOException: Connection reset by peer"
14,"DATE NUM NUM INFO <*> <*> BLK <*> <*> java.io.IOException: <*> <*> <*> <*>"
15,"DATE NUM NUM WARN dfs.FSNamesystem: BLOCK* NameSystem.addStoredBlock: Redundant addStoredBlock request received for BLK on IP:NUM size <*>"
16,"DATE NUM NUM INFO <*> <*> BLK <*> <*> java.net.SocketTimeoutException: NUM millis timeout while waiting for channel to be ready for <*> ch : java.nio.channels.SocketChannel[connected local=IP remote=IP]"
17,"DATE NUM NUM INFO <*> <*> BLK <*> <*> java.io.InterruptedIOException: Interruped while waiting for IO on channel java.nio.channels.SocketChannel[connected local=IP remote=IP]. NUM millis timeout left."
18,"DATE NUM NUM INFO dfs.DataNode$BlockReceiver: <*> <*> <*> <*> <*> <*> <*>"
19,"DATE NUM NUM INFO dfs.DataNode$BlockReceiver: Changing block file offset of block BLK from NUM to NUM meta file offset to <*>"
20,"DATE NUM NUM INFO dfs.DataNode$BlockReceiver: Exception in receiveBlock for block BLK java.io.InterruptedIOException: Interruped while waiting for IO on channel java.nio.channels.SocketChannel[connected local=IP remote=IP]. NUM millis timeout left."
21,"DATE NUM NUM INFO <*> <*> BLK <*> <*> java.io.IOException: <*> <*>"
22,"DATE NUM NUM INFO dfs.DataNode$DataXceiver: writeBlock BLK received exception java.io.IOException: Block BLK is valid, and cannot be written to."
23,"DATE NUM NUM WARN dfs.DataNode$DataTransfer: IP:NUM:Failed to transfer BLK to IP:NUM got java.io.IOException: Connection reset by peer"
24,"DATE NUM NUM INFO dfs.FSNamesystem: BLOCK* <*> <*> <*> <*> <*> <*> <*> IP:50010"
25,"DATE NUM NUM WARN dfs.FSDataset: Unexpected error trying to delete block BLK. BlockInfo not found in volumeMap."
26,"DATE NUM NUM INFO dfs.FSNamesystem: BLOCK* NameSystem.addStoredBlock: addStoredBlock request received for BLK on IP:NUM size NUM But it does not belong to any file."
27,"DATE NUM NUM WARN dfs.DataNode$DataXceiver: IP:NUM:Got exception while serving BLK to IP:"
28,"DATE NUM NUM INFO dfs.DataNode$BlockReceiver: Exception in receiveBlock for block BLK java.net.SocketTimeoutException: NUM millis timeout while waiting for channel to be ready for write. ch : java.nio.channels.SocketChannel[connected local=IP remote=IP]"
29,"DATE NUM NUM INFO dfs.FSDataset: Reopen Block BLK"
30,"DATE NUM NUM INFO dfs.FSNamesystem: BLOCK* Removing block BLK from neededReplications as it does not belong to any file."
31,"DATE NUM NUM WARN dfs.PendingReplicationBlocks$PendingReplicationMonitor: PendingReplicationMonitor timed out block BLK"
32,"DATE NUM NUM INFO dfs.DataNode$PacketResponder: PacketResponder BLK NUM Exception java.io.InterruptedIOException: Interruped while waiting for IO on channel java.nio.channels.SocketChannel[closed]. NUM millis timeout left."
33,"DATE NUM NUM INFO dfs.DataNode$DataXceiver: writeBlock BLK received exception <*> <*> <*> <*> <*>"
34,"DATE NUM NUM INFO dfs.DataNode$BlockReceiver: Exception in receiveBlock for block BLK java.io.IOException: Broken pipe"
